문맥	가군은 삼국시대 고구려 장안성 축성의 책임을 맡았던 관리. 가군은 생몰년 미상. 1964년에 평양 중구역 남문동에서 발견된 내성의 성벽돌에 새겨져 있는 명문에 따르면 가군은 성곽 축조시에 소형 관등을 가졌으며, 장안성 내성 중 일정 거리의 성벽 축조를 감독하였음을 알 수 있다.고구려 장안성은 522년에 쌓았고 589년에 장안성으로 천도하였다. 따라서 그의 활동 시기는 대략 6세기 후반 평원왕대로 추정된다. 또 명문의 괘루개절은 가군의 출신지나 직명으로 볼 수 있다.괘루는 고구려 5부의 하나인 계루부의 다른 표기로 볼 수도 있으나 아직 단정하기는 어려우며, 개절은 관직명의 일종으로 추정되고 있다. 이 명문이 새겨진 성벽돌은 현재 인민대학습당 내부를 지나는 성벽의 원위치에 그대로 있다.
답변	
생성된 질문	가군이 장안성에 도읍을 옮긴 시기는?

문맥	가군은 삼국시대 고구려 장안성 축성의 책임을 맡았던 관리. 가군은 생몰년 미상. 1964년에 평양 중구역 남문동에서 발견된 내성의 성벽돌에 새겨져 있는 명문에 따르면 가군은 성곽 축조시에 소형 관등을 가졌으며, 장안성 내성 중 일정 거리의 성벽 축조를 감독하였음을 알 수 있다.고구려 장안성은 522년에 쌓았고 589년에 장안성으로 천도하였다. 따라서 그의 활동 시기는 대략 6세기 후반 평원왕대로 추정된다. 또 명문의 괘루개절은 가군의 출신지나 직명으로 볼 수 있다.괘루는 고구려 5부의 하나인 계루부의 다른 표기로 볼 수도 있으나 아직 단정하기는 어려우며, 개절은 관직명의 일종으로 추정되고 있다. 이 명문이 새겨진 성벽돌은 현재 인민대학습당 내부를 지나는 성벽의 원위치에 그대로 있다.
답변	
생성된 질문	가군이 장안성에 도읍을 옮긴 시기는?

문맥	가군은 삼국시대 고구려 장안성 축성의 책임을 맡았던 관리. 가군은 생몰년 미상. 1964년에 평양 중구역 남문동에서 발견된 내성의 성벽돌에 새겨져 있는 명문에 따르면 가군은 성곽 축조시에 소형 관등을 가졌으며, 장안성 내성 중 일정 거리의 성벽 축조를 감독하였음을 알 수 있다.고구려 장안성은 522년에 쌓았고 589년에 장안성으로 천도하였다. 따라서 그의 활동 시기는 대략 6세기 후반 평원왕대로 추정된다. 또 명문의 괘루개절은 가군의 출신지나 직명으로 볼 수 있다.괘루는 고구려 5부의 하나인 계루부의 다른 표기로 볼 수도 있으나 아직 단정하기는 어려우며, 개절은 관직명의 일종으로 추정되고 있다. 이 명문이 새겨진 성벽돌은 현재 인민대학습당 내부를 지나는 성벽의 원위치에 그대로 있다.
답변	
생성된 질문	가군이 쌓은 성은?

문맥	가군은 삼국시대 고구려 장안성 축성의 책임을 맡았던 관리. 가군은 생몰년 미상. 1964년에 평양 중구역 남문동에서 발견된 내성의 성벽돌에 새겨져 있는 명문에 따르면 가군은 성곽 축조시에 소형 관등을 가졌으며, 장안성 내성 중 일정 거리의 성벽 축조를 감독하였음을 알 수 있다.고구려 장안성은 522년에 쌓았고 589년에 장안성으로 천도하였다. 따라서 그의 활동 시기는 대략 6세기 후반 평원왕대로 추정된다. 또 명문의 괘루개절은 가군의 출신지나 직명으로 볼 수 있다.괘루는 고구려 5부의 하나인 계루부의 다른 표기로 볼 수도 있으나 아직 단정하기는 어려우며, 개절은 관직명의 일종으로 추정되고 있다. 이 명문이 새겨진 성벽돌은 현재 인민대학습당 내부를 지나는 성벽의 원위치에 그대로 있다.
답변	
생성된 질문	가군이 성내의 성벽축조를 감독한 곳은?

문맥	가군은 삼국시대 고구려 장안성 축성의 책임을 맡았던 관리. 가군은 생몰년 미상. 1964년에 평양 중구역 남문동에서 발견된 내성의 성벽돌에 새겨져 있는 명문에 따르면 가군은 성곽 축조시에 소형 관등을 가졌으며, 장안성 내성 중 일정 거리의 성벽 축조를 감독하였음을 알 수 있다.고구려 장안성은 522년에 쌓았고 589년에 장안성으로 천도하였다. 따라서 그의 활동 시기는 대략 6세기 후반 평원왕대로 추정된다. 또 명문의 괘루개절은 가군의 출신지나 직명으로 볼 수 있다.괘루는 고구려 5부의 하나인 계루부의 다른 표기로 볼 수도 있으나 아직 단정하기는 어려우며, 개절은 관직명의 일종으로 추정되고 있다. 이 명문이 새겨진 성벽돌은 현재 인민대학습당 내부를 지나는 성벽의 원위치에 그대로 있다.
답변	
생성된 질문	가군이 장안성 내에서 쌓은 성은?

문맥	가군은 삼국시대 고구려 장안성 축성의 책임을 맡았던 관리. 가군은 생몰년 미상. 1964년에 평양 중구역 남문동에서 발견된 내성의 성벽돌에 새겨져 있는 명문에 따르면 가군은 성곽 축조시에 소형 관등을 가졌으며, 장안성 내성 중 일정 거리의 성벽 축조를 감독하였음을 알 수 있다.고구려 장안성은 522년에 쌓았고 589년에 장안성으로 천도하였다. 따라서 그의 활동 시기는 대략 6세기 후반 평원왕대로 추정된다. 또 명문의 괘루개절은 가군의 출신지나 직명으로 볼 수 있다.괘루는 고구려 5부의 하나인 계루부의 다른 표기로 볼 수도 있으나 아직 단정하기는 어려우며, 개절은 관직명의 일종으로 추정되고 있다. 이 명문이 새겨진 성벽돌은 현재 인민대학습당 내부를 지나는 성벽의 원위치에 그대로 있다.
답변	
생성된 질문	가군이 쌓은 성은?

문맥	가군은 삼국시대 고구려 장안성 축성의 책임을 맡았던 관리. 가군은 생몰년 미상. 1964년에 평양 중구역 남문동에서 발견된 내성의 성벽돌에 새겨져 있는 명문에 따르면 가군은 성곽 축조시에 소형 관등을 가졌으며, 장안성 내성 중 일정 거리의 성벽 축조를 감독하였음을 알 수 있다.고구려 장안성은 522년에 쌓았고 589년에 장안성으로 천도하였다. 따라서 그의 활동 시기는 대략 6세기 후반 평원왕대로 추정된다. 또 명문의 괘루개절은 가군의 출신지나 직명으로 볼 수 있다.괘루는 고구려 5부의 하나인 계루부의 다른 표기로 볼 수도 있으나 아직 단정하기는 어려우며, 개절은 관직명의 일종으로 추정되고 있다. 이 명문이 새겨진 성벽돌은 현재 인민대학습당 내부를 지나는 성벽의 원위치에 그대로 있다.
답변	
생성된 질문	가군이 장안성을 축성할 때 사용한 관등은?

문맥	가군은 삼국시대 고구려 장안성 축성의 책임을 맡았던 관리. 가군은 생몰년 미상. 1964년에 평양 중구역 남문동에서 발견된 내성의 성벽돌에 새겨져 있는 명문에 따르면 가군은 성곽 축조시에 소형 관등을 가졌으며, 장안성 내성 중 일정 거리의 성벽 축조를 감독하였음을 알 수 있다.고구려 장안성은 522년에 쌓았고 589년에 장안성으로 천도하였다. 따라서 그의 활동 시기는 대략 6세기 후반 평원왕대로 추정된다. 또 명문의 괘루개절은 가군의 출신지나 직명으로 볼 수 있다.괘루는 고구려 5부의 하나인 계루부의 다른 표기로 볼 수도 있으나 아직 단정하기는 어려우며, 개절은 관직명의 일종으로 추정되고 있다. 이 명문이 새겨진 성벽돌은 현재 인민대학습당 내부를 지나는 성벽의 원위치에 그대로 있다.
답변	
생성된 질문	가군이 쌓은 성벽은 언제 쌓았는가?

문맥	가군은 삼국시대 고구려 장안성 축성의 책임을 맡았던 관리. 가군은 생몰년 미상. 1964년에 평양 중구역 남문동에서 발견된 내성의 성벽돌에 새겨져 있는 명문에 따르면 가군은 성곽 축조시에 소형 관등을 가졌으며, 장안성 내성 중 일정 거리의 성벽 축조를 감독하였음을 알 수 있다.고구려 장안성은 522년에 쌓았고 589년에 장안성으로 천도하였다. 따라서 그의 활동 시기는 대략 6세기 후반 평원왕대로 추정된다. 또 명문의 괘루개절은 가군의 출신지나 직명으로 볼 수 있다.괘루는 고구려 5부의 하나인 계루부의 다른 표기로 볼 수도 있으나 아직 단정하기는 어려우며, 개절은 관직명의 일종으로 추정되고 있다. 이 명문이 새겨진 성벽돌은 현재 인민대학습당 내부를 지나는 성벽의 원위치에 그대로 있다.
답변	
생성된 질문	가군이 장안성 축조시에 무엇을 하였나?

문맥	가군은 삼국시대 고구려 장안성 축성의 책임을 맡았던 관리. 가군은 생몰년 미상. 1964년에 평양 중구역 남문동에서 발견된 내성의 성벽돌에 새겨져 있는 명문에 따르면 가군은 성곽 축조시에 소형 관등을 가졌으며, 장안성 내성 중 일정 거리의 성벽 축조를 감독하였음을 알 수 있다.고구려 장안성은 522년에 쌓았고 589년에 장안성으로 천도하였다. 따라서 그의 활동 시기는 대략 6세기 후반 평원왕대로 추정된다. 또 명문의 괘루개절은 가군의 출신지나 직명으로 볼 수 있다.괘루는 고구려 5부의 하나인 계루부의 다른 표기로 볼 수도 있으나 아직 단정하기는 어려우며, 개절은 관직명의 일종으로 추정되고 있다. 이 명문이 새겨진 성벽돌은 현재 인민대학습당 내부를 지나는 성벽의 원위치에 그대로 있다.
답변	
생성된 질문	가군이 장안성 축조 시 사용한 관등은?

문맥	가군은 삼국시대 고구려 장안성 축성의 책임을 맡았던 관리. 가군은 생몰년 미상. 1964년에 평양 중구역 남문동에서 발견된 내성의 성벽돌에 새겨져 있는 명문에 따르면 가군은 성곽 축조시에 소형 관등을 가졌으며, 장안성 내성 중 일정 거리의 성벽 축조를 감독하였음을 알 수 있다.고구려 장안성은 522년에 쌓았고 589년에 장안성으로 천도하였다. 따라서 그의 활동 시기는 대략 6세기 후반 평원왕대로 추정된다. 또 명문의 괘루개절은 가군의 출신지나 직명으로 볼 수 있다.괘루는 고구려 5부의 하나인 계루부의 다른 표기로 볼 수도 있으나 아직 단정하기는 어려우며, 개절은 관직명의 일종으로 추정되고 있다. 이 명문이 새겨진 성벽돌은 현재 인민대학습당 내부를 지나는 성벽의 원위치에 그대로 있다.
답변	
생성된 질문	가군이 장안성에 쌓은 성벽은?

문맥	가군은 삼국시대 고구려 장안성 축성의 책임을 맡았던 관리. 가군은 생몰년 미상. 1964년에 평양 중구역 남문동에서 발견된 내성의 성벽돌에 새겨져 있는 명문에 따르면 가군은 성곽 축조시에 소형 관등을 가졌으며, 장안성 내성 중 일정 거리의 성벽 축조를 감독하였음을 알 수 있다.고구려 장안성은 522년에 쌓았고 589년에 장안성으로 천도하였다. 따라서 그의 활동 시기는 대략 6세기 후반 평원왕대로 추정된다. 또 명문의 괘루개절은 가군의 출신지나 직명으로 볼 수 있다.괘루는 고구려 5부의 하나인 계루부의 다른 표기로 볼 수도 있으나 아직 단정하기는 어려우며, 개절은 관직명의 일종으로 추정되고 있다. 이 명문이 새겨진 성벽돌은 현재 인민대학습당 내부를 지나는 성벽의 원위치에 그대로 있다.
답변	
생성된 질문	가군이 성 안에 세운 관등은?

문맥	가군은 삼국시대 고구려 장안성 축성의 책임을 맡았던 관리. 가군은 생몰년 미상. 1964년에 평양 중구역 남문동에서 발견된 내성의 성벽돌에 새겨져 있는 명문에 따르면 가군은 성곽 축조시에 소형 관등을 가졌으며, 장안성 내성 중 일정 거리의 성벽 축조를 감독하였음을 알 수 있다.고구려 장안성은 522년에 쌓았고 589년에 장안성으로 천도하였다. 따라서 그의 활동 시기는 대략 6세기 후반 평원왕대로 추정된다. 또 명문의 괘루개절은 가군의 출신지나 직명으로 볼 수 있다.괘루는 고구려 5부의 하나인 계루부의 다른 표기로 볼 수도 있으나 아직 단정하기는 어려우며, 개절은 관직명의 일종으로 추정되고 있다. 이 명문이 새겨진 성벽돌은 현재 인민대학습당 내부를 지나는 성벽의 원위치에 그대로 있다.
답변	
생성된 질문	가군이 쌓은 성문은?

문맥	가군은 삼국시대 고구려 장안성 축성의 책임을 맡았던 관리. 가군은 생몰년 미상. 1964년에 평양 중구역 남문동에서 발견된 내성의 성벽돌에 새겨져 있는 명문에 따르면 가군은 성곽 축조시에 소형 관등을 가졌으며, 장안성 내성 중 일정 거리의 성벽 축조를 감독하였음을 알 수 있다.고구려 장안성은 522년에 쌓았고 589년에 장안성으로 천도하였다. 따라서 그의 활동 시기는 대략 6세기 후반 평원왕대로 추정된다. 또 명문의 괘루개절은 가군의 출신지나 직명으로 볼 수 있다.괘루는 고구려 5부의 하나인 계루부의 다른 표기로 볼 수도 있으나 아직 단정하기는 어려우며, 개절은 관직명의 일종으로 추정되고 있다. 이 명문이 새겨진 성벽돌은 현재 인민대학습당 내부를 지나는 성벽의 원위치에 그대로 있다.
답변	
생성된 질문	가군의 소속은?

문맥	가군은 삼국시대 고구려 장안성 축성의 책임을 맡았던 관리. 가군은 생몰년 미상. 1964년에 평양 중구역 남문동에서 발견된 내성의 성벽돌에 새겨져 있는 명문에 따르면 가군은 성곽 축조시에 소형 관등을 가졌으며, 장안성 내성 중 일정 거리의 성벽 축조를 감독하였음을 알 수 있다.고구려 장안성은 522년에 쌓았고 589년에 장안성으로 천도하였다. 따라서 그의 활동 시기는 대략 6세기 후반 평원왕대로 추정된다. 또 명문의 괘루개절은 가군의 출신지나 직명으로 볼 수 있다.괘루는 고구려 5부의 하나인 계루부의 다른 표기로 볼 수도 있으나 아직 단정하기는 어려우며, 개절은 관직명의 일종으로 추정되고 있다. 이 명문이 새겨진 성벽돌은 현재 인민대학습당 내부를 지나는 성벽의 원위치에 그대로 있다.
답변	
생성된 질문	가군이 장안성 축조시 사용한 관등은?

문맥	가귀는 남북국시대 통일신라에서화엄경의강, 심원장 등을 저술한 승려. 가귀는 효소왕 때 승려인 승전의 제자이다. 자세한 행적은 알 수 없으나, 삼국유사에 가귀는 자못 총명하여 도리를 알았으며 승전의 법등을 이어받아 심원장을 지었다.고 하였다. 저서로는 화엄경의강,심원장이 있으나 전하지 않는다.
답변	
생성된 질문	가귀는 화엄경의강과 심원장은 어디인가?

문맥	가귀는 남북국시대 통일신라에서화엄경의강, 심원장 등을 저술한 승려. 가귀는 효소왕 때 승려인 승전의 제자이다. 자세한 행적은 알 수 없으나, 삼국유사에 가귀는 자못 총명하여 도리를 알았으며 승전의 법등을 이어받아 심원장을 지었다.고 하였다. 저서로는 화엄경의강,심원장이 있으나 전하지 않는다.
답변	
생성된 질문	가귀가 화엄경에서 화엄경을 알았던 것은?

문맥	가귀는 남북국시대 통일신라에서화엄경의강, 심원장 등을 저술한 승려. 가귀는 효소왕 때 승려인 승전의 제자이다. 자세한 행적은 알 수 없으나, 삼국유사에 가귀는 자못 총명하여 도리를 알았으며 승전의 법등을 이어받아 심원장을 지었다.고 하였다. 저서로는 화엄경의강,심원장이 있으나 전하지 않는다.
답변	
생성된 질문	가귀가 화엄경에서 화엄경의, 심원장 등을 지은 것은?

문맥	가귀는 남북국시대 통일신라에서화엄경의강, 심원장 등을 저술한 승려. 가귀는 효소왕 때 승려인 승전의 제자이다. 자세한 행적은 알 수 없으나, 삼국유사에 가귀는 자못 총명하여 도리를 알았으며 승전의 법등을 이어받아 심원장을 지었다.고 하였다. 저서로는 화엄경의강,심원장이 있으나 전하지 않는다.
답변	
생성된 질문	가귀가 화엄경의강에서 화엄경을 해설한 책은?

문맥	가귀는 남북국시대 통일신라에서화엄경의강, 심원장 등을 저술한 승려. 가귀는 효소왕 때 승려인 승전의 제자이다. 자세한 행적은 알 수 없으나, 삼국유사에 가귀는 자못 총명하여 도리를 알았으며 승전의 법등을 이어받아 심원장을 지었다.고 하였다. 저서로는 화엄경의강,심원장이 있으나 전하지 않는다.
답변	
생성된 질문	가귀가 화엄경의강에서 화엄경을 알았던 것은?

문맥	가귀는 남북국시대 통일신라에서화엄경의강, 심원장 등을 저술한 승려. 가귀는 효소왕 때 승려인 승전의 제자이다. 자세한 행적은 알 수 없으나, 삼국유사에 가귀는 자못 총명하여 도리를 알았으며 승전의 법등을 이어받아 심원장을 지었다.고 하였다. 저서로는 화엄경의강,심원장이 있으나 전하지 않는다.
답변	
생성된 질문	가귀는 화엄경의강을 저술한 승려인가?

문맥	가귀는 남북국시대 통일신라에서화엄경의강, 심원장 등을 저술한 승려. 가귀는 효소왕 때 승려인 승전의 제자이다. 자세한 행적은 알 수 없으나, 삼국유사에 가귀는 자못 총명하여 도리를 알았으며 승전의 법등을 이어받아 심원장을 지었다.고 하였다. 저서로는 화엄경의강,심원장이 있으나 전하지 않는다.
답변	
생성된 질문	가귀가 화엄경의강을 지은 것은?

문맥	가귀는 남북국시대 통일신라에서화엄경의강, 심원장 등을 저술한 승려. 가귀는 효소왕 때 승려인 승전의 제자이다. 자세한 행적은 알 수 없으나, 삼국유사에 가귀는 자못 총명하여 도리를 알았으며 승전의 법등을 이어받아 심원장을 지었다.고 하였다. 저서로는 화엄경의강,심원장이 있으나 전하지 않는다.
답변	
생성된 질문	가귀가 화엄경에서 화엄경을 해설한 책은?

문맥	가귀는 남북국시대 통일신라에서화엄경의강, 심원장 등을 저술한 승려. 가귀는 효소왕 때 승려인 승전의 제자이다. 자세한 행적은 알 수 없으나, 삼국유사에 가귀는 자못 총명하여 도리를 알았으며 승전의 법등을 이어받아 심원장을 지었다.고 하였다. 저서로는 화엄경의강,심원장이 있으나 전하지 않는다.
답변	
생성된 질문	가귀가 화엄경의, 화엄경의, 심원장은 어디인가?

문맥	가귀는 남북국시대 통일신라에서화엄경의강, 심원장 등을 저술한 승려. 가귀는 효소왕 때 승려인 승전의 제자이다. 자세한 행적은 알 수 없으나, 삼국유사에 가귀는 자못 총명하여 도리를 알았으며 승전의 법등을 이어받아 심원장을 지었다.고 하였다. 저서로는 화엄경의강,심원장이 있으나 전하지 않는다.
답변	
생성된 질문	가귀는 화엄경의강을 누구의 제자인가?

문맥	가귀는 남북국시대 통일신라에서화엄경의강, 심원장 등을 저술한 승려. 가귀는 효소왕 때 승려인 승전의 제자이다. 자세한 행적은 알 수 없으나, 삼국유사에 가귀는 자못 총명하여 도리를 알았으며 승전의 법등을 이어받아 심원장을 지었다.고 하였다. 저서로는 화엄경의강,심원장이 있으나 전하지 않는다.
답변	
생성된 질문	가귀가 화엄경의강에서 화엄경을 알았던 것은?

문맥	가귀는 남북국시대 통일신라에서화엄경의강, 심원장 등을 저술한 승려. 가귀는 효소왕 때 승려인 승전의 제자이다. 자세한 행적은 알 수 없으나, 삼국유사에 가귀는 자못 총명하여 도리를 알았으며 승전의 법등을 이어받아 심원장을 지었다.고 하였다. 저서로는 화엄경의강,심원장이 있으나 전하지 않는다.
답변	
생성된 질문	가귀가 화엄경의강에서 무엇을 알았는가?

문맥	가귀는 남북국시대 통일신라에서화엄경의강, 심원장 등을 저술한 승려. 가귀는 효소왕 때 승려인 승전의 제자이다. 자세한 행적은 알 수 없으나, 삼국유사에 가귀는 자못 총명하여 도리를 알았으며 승전의 법등을 이어받아 심원장을 지었다.고 하였다. 저서로는 화엄경의강,심원장이 있으나 전하지 않는다.
답변	
생성된 질문	가귀는 화엄경의강에서 무엇을 알았는가?

문맥	가귀는 남북국시대 통일신라에서화엄경의강, 심원장 등을 저술한 승려. 가귀는 효소왕 때 승려인 승전의 제자이다. 자세한 행적은 알 수 없으나, 삼국유사에 가귀는 자못 총명하여 도리를 알았으며 승전의 법등을 이어받아 심원장을 지었다.고 하였다. 저서로는 화엄경의강,심원장이 있으나 전하지 않는다.
답변	
생성된 질문	가귀가 화엄경의강을 저술한 승려는?

문맥	가귀는 남북국시대 통일신라에서화엄경의강, 심원장 등을 저술한 승려. 가귀는 효소왕 때 승려인 승전의 제자이다. 자세한 행적은 알 수 없으나, 삼국유사에 가귀는 자못 총명하여 도리를 알았으며 승전의 법등을 이어받아 심원장을 지었다.고 하였다. 저서로는 화엄경의강,심원장이 있으나 전하지 않는다.
답변	
생성된 질문	가귀가 화엄경의강에서 화엄경을 해설한 책은?

문맥	가라포고이는 삼국시대 일본에 귀화한 신라의 유민. 가라포고이는 생몰년 미상. 일본후기에 의하면 814년 8월 23일에 귀화해 온 신라인 가라포고이 등 6명을 미농국에 배치하였다고 한다.이 때는 신라와 왜 사이에 정상적인 통교가 이루어지지 않은 상황이었으므로 표류하다가 왜에 도착한 뒤에 돌아가지 않고 귀화하여 정착한 것으로 보인다. 그 이름을 가라포고이라고 한 것을 보면 가야지방의 유이민으로 이름은 포고이였던 것 같다.
답변	
생성된 질문	가야지방 유이민은 어느 지역에 거주하였는가?

문맥	가라포고이는 삼국시대 일본에 귀화한 신라의 유민. 가라포고이는 생몰년 미상. 일본후기에 의하면 814년 8월 23일에 귀화해 온 신라인 가라포고이 등 6명을 미농국에 배치하였다고 한다.이 때는 신라와 왜 사이에 정상적인 통교가 이루어지지 않은 상황이었으므로 표류하다가 왜에 도착한 뒤에 돌아가지 않고 귀화하여 정착한 것으로 보인다. 그 이름을 가라포고이라고 한 것을 보면 가야지방의 유이민으로 이름은 포고이였던 것 같다.
답변	
생성된 질문	가라포고이의 이름은 무엇인가?

문맥	가라포고이는 삼국시대 일본에 귀화한 신라의 유민. 가라포고이는 생몰년 미상. 일본후기에 의하면 814년 8월 23일에 귀화해 온 신라인 가라포고이 등 6명을 미농국에 배치하였다고 한다.이 때는 신라와 왜 사이에 정상적인 통교가 이루어지지 않은 상황이었으므로 표류하다가 왜에 도착한 뒤에 돌아가지 않고 귀화하여 정착한 것으로 보인다. 그 이름을 가라포고이라고 한 것을 보면 가야지방의 유이민으로 이름은 포고이였던 것 같다.
답변	
생성된 질문	가라포고이의 본명은?

문맥	가라포고이는 삼국시대 일본에 귀화한 신라의 유민. 가라포고이는 생몰년 미상. 일본후기에 의하면 814년 8월 23일에 귀화해 온 신라인 가라포고이 등 6명을 미농국에 배치하였다고 한다.이 때는 신라와 왜 사이에 정상적인 통교가 이루어지지 않은 상황이었으므로 표류하다가 왜에 도착한 뒤에 돌아가지 않고 귀화하여 정착한 것으로 보인다. 그 이름을 가라포고이라고 한 것을 보면 가야지방의 유이민으로 이름은 포고이였던 것 같다.
답변	
생성된 질문	가야지역의 유이민으로 이름이 붙여진 나라는?

문맥	가라포고이는 삼국시대 일본에 귀화한 신라의 유민. 가라포고이는 생몰년 미상. 일본후기에 의하면 814년 8월 23일에 귀화해 온 신라인 가라포고이 등 6명을 미농국에 배치하였다고 한다.이 때는 신라와 왜 사이에 정상적인 통교가 이루어지지 않은 상황이었으므로 표류하다가 왜에 도착한 뒤에 돌아가지 않고 귀화하여 정착한 것으로 보인다. 그 이름을 가라포고이라고 한 것을 보면 가야지방의 유이민으로 이름은 포고이였던 것 같다.
답변	
생성된 질문	가야지방 유이민은 어느 지역에 살았는가?

문맥	가라포고이는 삼국시대 일본에 귀화한 신라의 유민. 가라포고이는 생몰년 미상. 일본후기에 의하면 814년 8월 23일에 귀화해 온 신라인 가라포고이 등 6명을 미농국에 배치하였다고 한다.이 때는 신라와 왜 사이에 정상적인 통교가 이루어지지 않은 상황이었으므로 표류하다가 왜에 도착한 뒤에 돌아가지 않고 귀화하여 정착한 것으로 보인다. 그 이름을 가라포고이라고 한 것을 보면 가야지방의 유이민으로 이름은 포고이였던 것 같다.
답변	
생성된 질문	가야지방 유이민의 이름은 무엇인가?

문맥	가라포고이는 삼국시대 일본에 귀화한 신라의 유민. 가라포고이는 생몰년 미상. 일본후기에 의하면 814년 8월 23일에 귀화해 온 신라인 가라포고이 등 6명을 미농국에 배치하였다고 한다.이 때는 신라와 왜 사이에 정상적인 통교가 이루어지지 않은 상황이었으므로 표류하다가 왜에 도착한 뒤에 돌아가지 않고 귀화하여 정착한 것으로 보인다. 그 이름을 가라포고이라고 한 것을 보면 가야지방의 유이민으로 이름은 포고이였던 것 같다.
답변	
생성된 질문	가야지방의 유민으로 이름이 붙여진 나라는?

문맥	가라포고이는 삼국시대 일본에 귀화한 신라의 유민. 가라포고이는 생몰년 미상. 일본후기에 의하면 814년 8월 23일에 귀화해 온 신라인 가라포고이 등 6명을 미농국에 배치하였다고 한다.이 때는 신라와 왜 사이에 정상적인 통교가 이루어지지 않은 상황이었으므로 표류하다가 왜에 도착한 뒤에 돌아가지 않고 귀화하여 정착한 것으로 보인다. 그 이름을 가라포고이라고 한 것을 보면 가야지방의 유이민으로 이름은 포고이였던 것 같다.
답변	
생성된 질문	가야의 유민들 중 가가야로 알려진 사람은?

문맥	가라포고이는 삼국시대 일본에 귀화한 신라의 유민. 가라포고이는 생몰년 미상. 일본후기에 의하면 814년 8월 23일에 귀화해 온 신라인 가라포고이 등 6명을 미농국에 배치하였다고 한다.이 때는 신라와 왜 사이에 정상적인 통교가 이루어지지 않은 상황이었으므로 표류하다가 왜에 도착한 뒤에 돌아가지 않고 귀화하여 정착한 것으로 보인다. 그 이름을 가라포고이라고 한 것을 보면 가야지방의 유이민으로 이름은 포고이였던 것 같다.
답변	
생성된 질문	가야지방 유이민의 이름은 무엇인가?

문맥	가라포고이는 삼국시대 일본에 귀화한 신라의 유민. 가라포고이는 생몰년 미상. 일본후기에 의하면 814년 8월 23일에 귀화해 온 신라인 가라포고이 등 6명을 미농국에 배치하였다고 한다.이 때는 신라와 왜 사이에 정상적인 통교가 이루어지지 않은 상황이었으므로 표류하다가 왜에 도착한 뒤에 돌아가지 않고 귀화하여 정착한 것으로 보인다. 그 이름을 가라포고이라고 한 것을 보면 가야지방의 유이민으로 이름은 포고이였던 것 같다.
답변	
생성된 질문	가야의 유민 중 신라인과 왜 사이에서 정상적인 통교되지 않은 사람은?

문맥	가라포고이는 삼국시대 일본에 귀화한 신라의 유민. 가라포고이는 생몰년 미상. 일본후기에 의하면 814년 8월 23일에 귀화해 온 신라인 가라포고이 등 6명을 미농국에 배치하였다고 한다.이 때는 신라와 왜 사이에 정상적인 통교가 이루어지지 않은 상황이었으므로 표류하다가 왜에 도착한 뒤에 돌아가지 않고 귀화하여 정착한 것으로 보인다. 그 이름을 가라포고이라고 한 것을 보면 가야지방의 유이민으로 이름은 포고이였던 것 같다.
답변	
생성된 질문	가야지방 유이민은 어느 지역에 거주하였는가?

문맥	가라포고이는 삼국시대 일본에 귀화한 신라의 유민. 가라포고이는 생몰년 미상. 일본후기에 의하면 814년 8월 23일에 귀화해 온 신라인 가라포고이 등 6명을 미농국에 배치하였다고 한다.이 때는 신라와 왜 사이에 정상적인 통교가 이루어지지 않은 상황이었으므로 표류하다가 왜에 도착한 뒤에 돌아가지 않고 귀화하여 정착한 것으로 보인다. 그 이름을 가라포고이라고 한 것을 보면 가야지방의 유이민으로 이름은 포고이였던 것 같다.
답변	
생성된 질문	신라에서 귀화한 신라인의 이름은 무엇인가?

문맥	가라포고이는 삼국시대 일본에 귀화한 신라의 유민. 가라포고이는 생몰년 미상. 일본후기에 의하면 814년 8월 23일에 귀화해 온 신라인 가라포고이 등 6명을 미농국에 배치하였다고 한다.이 때는 신라와 왜 사이에 정상적인 통교가 이루어지지 않은 상황이었으므로 표류하다가 왜에 도착한 뒤에 돌아가지 않고 귀화하여 정착한 것으로 보인다. 그 이름을 가라포고이라고 한 것을 보면 가야지방의 유이민으로 이름은 포고이였던 것 같다.
답변	
생성된 질문	가야의 유민으로 알려진 신라인은?

문맥	가라포고이는 삼국시대 일본에 귀화한 신라의 유민. 가라포고이는 생몰년 미상. 일본후기에 의하면 814년 8월 23일에 귀화해 온 신라인 가라포고이 등 6명을 미농국에 배치하였다고 한다.이 때는 신라와 왜 사이에 정상적인 통교가 이루어지지 않은 상황이었으므로 표류하다가 왜에 도착한 뒤에 돌아가지 않고 귀화하여 정착한 것으로 보인다. 그 이름을 가라포고이라고 한 것을 보면 가야지방의 유이민으로 이름은 포고이였던 것 같다.
답변	
생성된 질문	가야지방 유이민의 이름은 무엇인가?

문맥	가라포고이는 삼국시대 일본에 귀화한 신라의 유민. 가라포고이는 생몰년 미상. 일본후기에 의하면 814년 8월 23일에 귀화해 온 신라인 가라포고이 등 6명을 미농국에 배치하였다고 한다.이 때는 신라와 왜 사이에 정상적인 통교가 이루어지지 않은 상황이었으므로 표류하다가 왜에 도착한 뒤에 돌아가지 않고 귀화하여 정착한 것으로 보인다. 그 이름을 가라포고이라고 한 것을 보면 가야지방의 유이민으로 이름은 포고이였던 것 같다.
답변	
생성된 질문	백제 유민인 가라포고이의 이름은 무엇인가?

문맥	가루는 삼국시대 고구려의 부흥운동 당시 상부대상을 역임한 귀족. 가루는 생몰년 미상. 고구려 말기의 귀족. 상부 출신의 귀족으로 관등은 태대사자에 해당하는 대상을 역임했다. 고구려 멸망 후 고구려의 부흥운동에 참여하였다. 일본서기에 의하면 671년에 유민들이 다시 세운 고구려의 사신으로 일본에 파견되었다.즉, 고구려 멸망 후 부흥운동에 참여하여 안승이 이끈 고구려국 고관을 역임하였고, 일본에 사신으로 파견되었던 것이다.
답변	
생성된 질문	백제 부흥운동 때 유민들이 세운 고구려의 사신의 이름은?

문맥	가루는 삼국시대 고구려의 부흥운동 당시 상부대상을 역임한 귀족. 가루는 생몰년 미상. 고구려 말기의 귀족. 상부 출신의 귀족으로 관등은 태대사자에 해당하는 대상을 역임했다. 고구려 멸망 후 고구려의 부흥운동에 참여하였다. 일본서기에 의하면 671년에 유민들이 다시 세운 고구려의 사신으로 일본에 파견되었다.즉, 고구려 멸망 후 부흥운동에 참여하여 안승이 이끈 고구려국 고관을 역임하였고, 일본에 사신으로 파견되었던 것이다.
답변	
생성된 질문	고구려 멸망후 백제의 부흥운동에 참여한 귀족은?

문맥	가루는 삼국시대 고구려의 부흥운동 당시 상부대상을 역임한 귀족. 가루는 생몰년 미상. 고구려 말기의 귀족. 상부 출신의 귀족으로 관등은 태대사자에 해당하는 대상을 역임했다. 고구려 멸망 후 고구려의 부흥운동에 참여하였다. 일본서기에 의하면 671년에 유민들이 다시 세운 고구려의 사신으로 일본에 파견되었다.즉, 고구려 멸망 후 부흥운동에 참여하여 안승이 이끈 고구려국 고관을 역임하였고, 일본에 사신으로 파견되었던 것이다.
답변	
생성된 질문	고구려 멸망후 백제의 부흥운동에 참여한 귀족은?

문맥	가루는 삼국시대 고구려의 부흥운동 당시 상부대상을 역임한 귀족. 가루는 생몰년 미상. 고구려 말기의 귀족. 상부 출신의 귀족으로 관등은 태대사자에 해당하는 대상을 역임했다. 고구려 멸망 후 고구려의 부흥운동에 참여하였다. 일본서기에 의하면 671년에 유민들이 다시 세운 고구려의 사신으로 일본에 파견되었다.즉, 고구려 멸망 후 부흥운동에 참여하여 안승이 이끈 고구려국 고관을 역임하였고, 일본에 사신으로 파견되었던 것이다.
답변	
생성된 질문	고구려 멸망후 백제의 부흥운동에 참여한 귀족은?

문맥	가루는 삼국시대 고구려의 부흥운동 당시 상부대상을 역임한 귀족. 가루는 생몰년 미상. 고구려 말기의 귀족. 상부 출신의 귀족으로 관등은 태대사자에 해당하는 대상을 역임했다. 고구려 멸망 후 고구려의 부흥운동에 참여하였다. 일본서기에 의하면 671년에 유민들이 다시 세운 고구려의 사신으로 일본에 파견되었다.즉, 고구려 멸망 후 부흥운동에 참여하여 안승이 이끈 고구려국 고관을 역임하였고, 일본에 사신으로 파견되었던 것이다.
답변	
생성된 질문	신라 멸망 후 백제국 고관의 관직을 맡았던 사람은?

문맥	가루는 삼국시대 고구려의 부흥운동 당시 상부대상을 역임한 귀족. 가루는 생몰년 미상. 고구려 말기의 귀족. 상부 출신의 귀족으로 관등은 태대사자에 해당하는 대상을 역임했다. 고구려 멸망 후 고구려의 부흥운동에 참여하였다. 일본서기에 의하면 671년에 유민들이 다시 세운 고구려의 사신으로 일본에 파견되었다.즉, 고구려 멸망 후 부흥운동에 참여하여 안승이 이끈 고구려국 고관을 역임하였고, 일본에 사신으로 파견되었던 것이다.
답변	
생성된 질문	고구려 멸망후 신라국 고관은 어디로 파견되었는가?

문맥	가루는 삼국시대 고구려의 부흥운동 당시 상부대상을 역임한 귀족. 가루는 생몰년 미상. 고구려 말기의 귀족. 상부 출신의 귀족으로 관등은 태대사자에 해당하는 대상을 역임했다. 고구려 멸망 후 고구려의 부흥운동에 참여하였다. 일본서기에 의하면 671년에 유민들이 다시 세운 고구려의 사신으로 일본에 파견되었다.즉, 고구려 멸망 후 부흥운동에 참여하여 안승이 이끈 고구려국 고관을 역임하였고, 일본에 사신으로 파견되었던 것이다.
답변	
생성된 질문	고구려 멸망후 신라국 고관에 파견되었던 인물은?

문맥	가루는 삼국시대 고구려의 부흥운동 당시 상부대상을 역임한 귀족. 가루는 생몰년 미상. 고구려 말기의 귀족. 상부 출신의 귀족으로 관등은 태대사자에 해당하는 대상을 역임했다. 고구려 멸망 후 고구려의 부흥운동에 참여하였다. 일본서기에 의하면 671년에 유민들이 다시 세운 고구려의 사신으로 일본에 파견되었다.즉, 고구려 멸망 후 부흥운동에 참여하여 안승이 이끈 고구려국 고관을 역임하였고, 일본에 사신으로 파견되었던 것이다.
답변	
생성된 질문	신라 멸망 후 백제의 부흥운동에 참여한 인물은?

문맥	가루는 삼국시대 고구려의 부흥운동 당시 상부대상을 역임한 귀족. 가루는 생몰년 미상. 고구려 말기의 귀족. 상부 출신의 귀족으로 관등은 태대사자에 해당하는 대상을 역임했다. 고구려 멸망 후 고구려의 부흥운동에 참여하였다. 일본서기에 의하면 671년에 유민들이 다시 세운 고구려의 사신으로 일본에 파견되었다.즉, 고구려 멸망 후 부흥운동에 참여하여 안승이 이끈 고구려국 고관을 역임하였고, 일본에 사신으로 파견되었던 것이다.
답변	
생성된 질문	고구려 멸망후 백제국 고관의 직위는?

문맥	가루는 삼국시대 고구려의 부흥운동 당시 상부대상을 역임한 귀족. 가루는 생몰년 미상. 고구려 말기의 귀족. 상부 출신의 귀족으로 관등은 태대사자에 해당하는 대상을 역임했다. 고구려 멸망 후 고구려의 부흥운동에 참여하였다. 일본서기에 의하면 671년에 유민들이 다시 세운 고구려의 사신으로 일본에 파견되었다.즉, 고구려 멸망 후 부흥운동에 참여하여 안승이 이끈 고구려국 고관을 역임하였고, 일본에 사신으로 파견되었던 것이다.
답변	
생성된 질문	고구려 부흥운동에 참여한 귀족은?

문맥	가루는 삼국시대 고구려의 부흥운동 당시 상부대상을 역임한 귀족. 가루는 생몰년 미상. 고구려 말기의 귀족. 상부 출신의 귀족으로 관등은 태대사자에 해당하는 대상을 역임했다. 고구려 멸망 후 고구려의 부흥운동에 참여하였다. 일본서기에 의하면 671년에 유민들이 다시 세운 고구려의 사신으로 일본에 파견되었다.즉, 고구려 멸망 후 부흥운동에 참여하여 안승이 이끈 고구려국 고관을 역임하였고, 일본에 사신으로 파견되었던 것이다.
답변	
생성된 질문	고구려 멸망후 백제의 부흥운동에 참여한 귀족은?

문맥	가루는 삼국시대 고구려의 부흥운동 당시 상부대상을 역임한 귀족. 가루는 생몰년 미상. 고구려 말기의 귀족. 상부 출신의 귀족으로 관등은 태대사자에 해당하는 대상을 역임했다. 고구려 멸망 후 고구려의 부흥운동에 참여하였다. 일본서기에 의하면 671년에 유민들이 다시 세운 고구려의 사신으로 일본에 파견되었다.즉, 고구려 멸망 후 부흥운동에 참여하여 안승이 이끈 고구려국 고관을 역임하였고, 일본에 사신으로 파견되었던 것이다.
답변	
생성된 질문	고구려 멸망후 고구려의 부흥운동을 이끈 사람은?

문맥	가루는 삼국시대 고구려의 부흥운동 당시 상부대상을 역임한 귀족. 가루는 생몰년 미상. 고구려 말기의 귀족. 상부 출신의 귀족으로 관등은 태대사자에 해당하는 대상을 역임했다. 고구려 멸망 후 고구려의 부흥운동에 참여하였다. 일본서기에 의하면 671년에 유민들이 다시 세운 고구려의 사신으로 일본에 파견되었다.즉, 고구려 멸망 후 부흥운동에 참여하여 안승이 이끈 고구려국 고관을 역임하였고, 일본에 사신으로 파견되었던 것이다.
답변	
생성된 질문	신라 멸망 후 신라국 고관에 파견된 인물은?

문맥	가루는 삼국시대 고구려의 부흥운동 당시 상부대상을 역임한 귀족. 가루는 생몰년 미상. 고구려 말기의 귀족. 상부 출신의 귀족으로 관등은 태대사자에 해당하는 대상을 역임했다. 고구려 멸망 후 고구려의 부흥운동에 참여하였다. 일본서기에 의하면 671년에 유민들이 다시 세운 고구려의 사신으로 일본에 파견되었다.즉, 고구려 멸망 후 부흥운동에 참여하여 안승이 이끈 고구려국 고관을 역임하였고, 일본에 사신으로 파견되었던 것이다.
답변	
생성된 질문	신라 멸망 후 백제의 부흥운동에 참여한 인물은?

문맥	가루는 삼국시대 고구려의 부흥운동 당시 상부대상을 역임한 귀족. 가루는 생몰년 미상. 고구려 말기의 귀족. 상부 출신의 귀족으로 관등은 태대사자에 해당하는 대상을 역임했다. 고구려 멸망 후 고구려의 부흥운동에 참여하였다. 일본서기에 의하면 671년에 유민들이 다시 세운 고구려의 사신으로 일본에 파견되었다.즉, 고구려 멸망 후 부흥운동에 참여하여 안승이 이끈 고구려국 고관을 역임하였고, 일본에 사신으로 파견되었던 것이다.
답변	
생성된 질문	신라 멸망 후 백제의 부흥운동에 참여한 사람은?

